niqe,niqe_v,niqe_y,niqe_u,brisque,sharpness,entropy,spectral,kp_std,contrast_vals,num_blobs,avg_size_blobs,texture_mean,texture_std,color_dist,kp_dist_mean,desc_len_mean,desc_len_std,inception_score_0,inception_score_1,inception_model,video_name,target_col
29.05588738,758.959704,29.87241957,720.7880162,12.05595546,4.214586484,7.662002869,0.635019822,20.14151711,0.614634386,17.32258065,5.644003808,51.46088574,61.27915885,0.407305318,32.83570712,140.3204999,12.22984715,1.4986583,7.473491357,0.103723004,cat_yawn,0
84.4879529,147.8930735,1067.084823,662.8798986,79.81372657,6.47320661,6.656026783,0.332023429,20.17278446,0.274907153,8.538461538,6.837478458,31.12455991,40.72591261,0.529616136,33.80237807,134.3351228,12.88139929,2.6553588,52.08247865,0.38406497,teddy_bear_goes_under_water,0
235.7061826,43.39839879,42.82113307,43.73876298,,2.690066915,4.55578388,0.351120739,19.59715513,1.247998398,14.84507042,7.025803238,31.66700936,55.64426221,0.541650047,39.19532447,115.4199364,9.597728306,2.541041,19.15627775,0.18373697,austronaut_dancing_mars,0
21.46657315,173.3039772,1427.36244,723.1974779,26.70290305,7.540273955,7.505055944,0.631438186,22.17093234,0.551208894,39,3.636887452,73.86937027,98.43583186,0.454617587,36.20593861,136.4124428,14.50574926,1.0279614,242.3385656,0.8384575,paper_1,0
25.27139871,726.5621569,730.9707862,730.2984254,13.72331654,6.799579042,6.69113418,0.427247019,19.96078165,0.426013903,67.72727273,3.412982891,72.99771968,102.98134,0.009710138,36.33863571,131.3657177,11.66327177,1.1330395,12.19466993,0.38456222,paper_5,0
26.20651213,724.3759112,844.7268375,732.1221586,26.36013517,7.300479773,7.212316496,0.481989425,20.38055261,0.445210217,36.63636364,1.659111677,48.50868756,55.11922819,0.608270819,34.77370239,132.2739163,13.47364106,1.806936,70.00039661,0.2115128,paper_4,0
25.49912024,727.7816879,721.1900664,728.8623027,35.2265625,7.561565977,7.516346734,0.87471006,19.4160897,0.826570964,45.54545455,3.232949263,90.63458605,106.1834833,0.68400435,30.99289469,135.3641501,12.9980902,1.4397316,6.430414081,0.11496308,paper_3,0
28.36184261,547.9579347,385.8293084,17.29742248,30.05986624,1.42204335,7.123805894,0.394911562,89.19807972,0.398874728,54.87878788,5.900038795,15.51740157,34.06118431,0.455583439,136.5210501,142.0221522,16.06636669,1.4686419,18.0767824,0.277967,A walking round mech ball in the surface of mars,0
29.40658872,582.9069675,139.0769684,556.0996899,38.10268555,1.472978299,6.428391155,0.283230388,57.43304106,0.275449103,23.8,9.839341682,12.73397192,30.8223199,0.54325434,97.60323009,141.9282332,15.88307577,2.1233017,22.32239478,0.1202937,a_small_dog_running_at_the_beach,0
30.23791436,632.6419328,595.8224801,646.4652005,64.81468987,0.459077625,4.592968462,1.258050687,63.61464022,1.229751232,9.848484848,4.570057939,7.813393712,19.53073113,0.911198706,80.32582153,129.6090869,14.18310682,1.1151694,11.14608514,0.1415519,a_black_cat,0
23.58495799,16.7950546,297.5866346,17.21862292,40.47377708,2.295407241,7.024916181,0.450834586,93.35997082,0.422924513,94.15151515,7.095299438,28.04236948,51.87194768,0.584002657,169.4699787,139.612451,15.77607034,1.2964782,21.2900232,0.24405153,vaporwave princes,0
28.44533682,520.5916594,585.8744238,547.6316813,43.76451416,1.381951968,6.95408652,0.366443801,92.94026212,0.367559968,19.8,16.21731538,14.59702652,29.88762731,0.797813368,131.4639714,144.8914309,19.04361549,1.5847379,50.87997673,0.3892222,superdog,0
28.57424479,580.8882604,610.2950678,582.2396079,52.53778458,1.024674742,5.935331499,0.360441676,107.3482298,0.323442576,27.84848485,13.89779041,14.69992799,28.21930247,0.484325021,160.6381332,150.3372221,18.89796673,1.4581791,77.64481812,0.33675322,close_view_dog,0
22.60667681,564.6148113,613.5532405,620.2014995,43.69772986,1.063841365,7.125715094,0.730230312,70.91488438,0.721064493,17.21212121,9.63501656,16.24052562,30.05661922,0.864039746,104.0913843,136.9653028,15.21795563,1.271318,99.31307201,0.37975812,blue_cat,0
25.59063255,556.6445054,51.06197165,602.5936888,62.57836359,1.007732534,5.346251535,0.420970639,99.10593647,0.41817906,62.48484848,9.565495173,19.63272118,50.42152862,0.955162169,157.6874691,139.4934029,15.68888231,1.2741194,5.494082095,0.13584849,a child throwing a snowball,0
27.59591294,44.38625712,188.4240599,267.5700524,64.42346191,1.505519387,5.78704529,0.258156715,77.58631393,0.236317521,17.8,9.905639132,12.33482328,27.70980655,0.056615451,135.3040183,145.6329193,18.01007759,1.01647,909.1441359,0.98947,colourful pills falling on a grey table,0
26.16347077,556.7326494,639.6426191,571.8604674,42.82346968,1.643325705,5.490151217,0.262065232,85.01465657,0.254606351,34,7.574175747,15.73179556,37.52347192,0.833317419,135.9801936,135.0715193,15.18701504,1.0157868,382.2736807,0.9005846,a_canadian_goose,0
24.98267337,596.7997352,557.746531,575.7706404,39.28324382,1.405221266,7.126473258,0.591716067,93.86654255,0.515247692,29.78787879,8.759686974,18.27760881,31.45069279,0.493630708,152.1487052,133.0534288,15.43969295,1.8967522,12.65380672,0.1113297,a_cheeseburger_flying_in_the_air,0
26.45891692,579.6609411,574.0485864,591.5984301,36.58534379,1.574103097,6.735210874,0.716693442,91.49930216,0.694830325,47.57575758,11.59974975,26.24765785,46.2470787,0.478646886,154.4011674,140.1137858,16.25355652,1.0951897,69.33868633,0.48777747,fat cat meowing,0
21.40691964,364.5222564,485.854728,583.8899712,7.528576973,3.725627931,7.388305891,0.407750143,70.48036321,0.373716081,186.0512821,3.724832207,35.70865433,52.65118624,0.201739005,117.8280953,134.3516923,11.56301304,1.117339,180.6453516,0.73964053,leopard_running,0
30.25861806,615.9879481,649.2793042,617.5164409,13.81593481,6.278453434,7.090621424,0.551069112,92.92911218,0.507730967,89,2.30072219,43.14419751,36.3317335,0.501550895,165.5151865,133.9497414,11.90030114,1.2614495,18.02841603,0.19767681,two_man_in_park,0
21.29847227,637.6688728,29.41054446,183.188765,20.87730525,7.854213258,7.550140219,0.753938717,42.19534761,0.69385734,167.6410256,2.158205113,65.50692558,70.82608425,0.833562271,75.67325815,135.5317949,13.03637495,1.8863701,8.905696654,0.10563096,carps,0
25.13250216,606.7974914,599.0599857,606.8341492,-0.979106288,3.117653618,7.535196158,0.66148727,102.6280885,0.655636247,159.7096774,3.125369138,25.2468934,45.45200104,0.671214046,156.9813213,133.6660951,14.97829742,1.0075092,422.4953679,0.8947068,pouring_wine,0
24.43229492,645.4737041,652.9327696,625.721178,11.36777566,3.784037591,7.711613633,0.697829832,86.18962511,0.687441316,175.4090909,2.940184587,47.2115213,71.98361136,0.865718335,149.4477516,137.5787148,15.9125268,1.7542077,16.54299731,0.2025944,real_weird_cat,0
17.45857483,19.03436629,19.35046107,48.49837933,25.39254526,9.870902407,7.464167095,0.400283068,99.23046233,0.360742208,513.3076923,1.751640026,64.43100312,50.42344472,0.456719863,181.7843809,131.6325,11.46652163,1.5959074,80.42404991,0.2841806,dog_turning,0
21.24051478,649.271041,617.975286,640.9600394,18.17411922,5.028793526,6.900359704,0.244172944,72.60044489,0.230256829,85.5,1.76066697,32.18802864,40.46272859,0.576386205,119.1328668,130.3941222,12.21555217,2.2056692,33.38703787,0.20469266,woman_jumping_at_the_beach,0
25.78179923,625.1415167,628.9893808,588.8233239,56.57254028,1.283038457,6.245034642,0.441887707,82.65053567,0.399771156,186.125,3.559776135,19.68605413,67.06073574,0.760365963,118.2626643,127.4568667,17.37950938,1.2555317,4.500408343,0.1301667,horse_running,0
27.71884279,571.6276087,1185.694278,571.5371414,41.26493073,1.300324122,6.915489257,0.355414853,63.96425866,0.25266979,72.25,4.513731332,17.21535204,37.91197984,0.463997841,97.48408018,136.3276957,14.93236182,1.7355478,113.4644854,0.33412322,a fat cat running fast at the beach,0
27.38038841,650.1657789,146.7826757,576.6970335,42.66603088,0.818058332,6.91578157,0.358922886,92.44240364,0.289957194,5.25,13.76187797,7.53753088,14.83505912,0.706928253,112.2823349,139.6283644,14.80667049,2.1453974,20.46446437,0.16998336,orange falling in water,0
28.92870386,572.7960041,560.664248,438.2662776,38.10741425,1.872359753,7.392869659,0.383352075,106.055445,0.337036601,80.375,5.877580733,29.9973073,43.86073367,0.133051395,180.5319538,136.1275663,17.95849521,1.6906314,6.123349862,0.08384261,wave,0
21.43632282,597.7004627,612.5204243,612.7727401,26.11004639,2.166011016,7.024472339,0.382293384,83.02220013,0.308899934,157.25,2.596405856,21.95448191,48.03609976,0.776814938,115.1603511,143.7217917,15.02051955,1.5089025,189.0024137,0.70970035,lion,0
25.80103721,436.0994135,563.9825735,591.3424357,56.8585434,1.117458026,6.25629656,0.445736616,102.3920174,0.499629818,81.375,4.961192494,14.71488518,42.92953662,0.231986046,154.7647674,138.2310238,18.69984927,1.7683566,201.2356102,0.68619734,cat_eating_banana,0
22.13346845,580.2111723,586.9656861,580.7750986,28.01892853,1.920197169,7.108545696,0.417457775,117.206712,0.421094286,262.5,3.007343578,27.82584041,65.2840789,0.950023174,176.4718139,137.4646875,14.33229054,1.0371071,423.4275336,0.90306616,a woman skiing,0
21.05082312,627.3504419,566.6034598,595.1874517,1.737197876,2.7111063,7.397166098,0.576819773,85.09947278,0.401066391,254,3.368122096,39.52021901,56.51775596,0.600446701,155.876051,128.992125,20.0163206,1.622487,81.23515047,0.41446623,coral,0
29.23894869,591.4851191,567.3718581,586.6867367,50.34267426,0.79590114,7.26231409,0.267254171,147.8752308,0.284436635,17.875,9.585970324,10.08432005,23.50921879,0.420832634,161.1513702,152.0195947,24.02529338,1.1499553,323.583037,0.81473255,beautiful_mountin_lake,0
24.72398121,571.7324307,746.6259169,575.9133411,50.49221039,1.669799646,5.812695238,0.411963941,70.15199232,0.376045964,250.625,2.967222711,16.41897816,54.40375478,0.440968513,102.8436357,137.6883863,13.74201006,1.4454484,4.084487435,0.051312692,mermaid,0
28.1245208,576.7966581,644.8735628,576.3808885,62.73873138,0.828975836,6.840668442,0.312568607,83.13512177,0.312662162,103.875,3.717448258,9.575867543,44.14681272,0.40455389,110.8802411,122.5960737,18.81160537,1.0509784,624.7040303,0.9351534,winter church,0
25.87348556,180.2437251,583.3838689,330.617423,44.76316071,1.403819879,6.232463309,0.337986021,103.0582338,0.324467783,78.875,6.877815647,13.61968147,36.5432355,0.205957413,127.0859837,128.2167095,15.62986525,1.2520374,254.2764178,0.7641273,chalk and math,0
23.29909195,583.5197734,514.7372516,577.809875,25.79666901,1.610158285,7.104500913,0.467658446,58.34704884,0.418355678,98.375,3.706992043,18.36354169,45.04195293,0.816176414,87.65092957,132.0545295,16.23211301,1.0652059,181.9127811,0.74606556,clawn fish in coral,0
30.23969553,605.5658834,583.3231071,584.4005571,52.58384705,0.640937646,6.041469681,0.388385476,65.66871793,0.354779559,31.5,10.76082488,8.224319998,29.29310954,0.884542465,81.03393698,142.5718018,20.36609892,1.5296187,87.31288388,0.4441439,hearts,0
19.49340905,592.9096024,435.1377737,583.7812701,21.04925266,3.309415708,7.106574868,0.310931492,94.75430791,0.266472423,53.06666667,3.868541301,36.88498783,26.93436232,0.530219757,170.5166886,137.6228556,12.73030347,1.7712398,19.59448446,0.1593028,a_clown_fish_swimming_in_crest_water-realistic,1
19.90370157,588.3888705,584.8866325,559.2217155,20.67250854,3.278270316,7.306584774,0.329736412,91.70958016,0.300014082,30.56,6.843581992,38.16316101,27.90831534,0.484992012,180.1951774,139.31801,13.77286287,1.6031462,6.998022807,0.09341206,a_girl_eating_ice_cream-realistic,1
19.33340101,436.7234706,329.6906001,581.6048404,18.78665161,3.380000222,7.235358638,0.324629905,88.37774336,0.280859893,42.36,4.980941938,37.045628,28.40232024,0.506332249,165.360386,136.80147,13.28958582,1.7666353,56.19368954,0.25405484,a_mountain_lake-realistic,1
19.47514318,459.2205096,396.7047207,413.6956311,27.52762468,2.221258953,7.200163419,0.31843517,173.4389479,0.278131706,48.97260274,9.291802341,24.84237977,23.20891629,0.216988204,274.2708674,140.6568151,13.906277,1.8499055,11.77899991,0.15016992,A_cat_eating_a_banana,1
18.5174526,506.1040781,520.0687477,522.7920069,21.24583588,8.365549564,7.766815469,0.395792199,165.8074854,0.423004577,1696.175,2.202600473,81.5637099,72.73389825,0.514402384,311.3764618,131.6334,11.31210266,1.4693265,6.489188922,0.1270577,a_dog_eating_pink_ice_cream,1
17.2727289,609.8741744,576.3136179,488.7249028,35.9094713,16.8781201,7.757262144,0.473263162,166.9432427,0.397424382,3818.911111,1.467807628,110.2791451,89.11634689,0.499860141,321.8485043,128.4521667,10.56091083,2.0318844,40.77342888,0.1951207,a_lion_in_africa-,1
20.70463234,567.144782,535.5454024,511.3117005,18.76169434,3.275148669,7.237628485,0.310313072,91.50948418,0.279889389,45.175,6.026474985,35.50224068,27.78506187,0.423721431,165.9476294,137.513225,13.77540142,1.473803,24.68418827,0.28180385,beautiful_castle_in_clouds_dream,1
19.57636763,469.3678482,530.5660828,528.8346871,20.72484131,3.393422337,7.160621692,0.317291401,87.32804563,0.278569184,78.475,4.01128616,35.96838509,29.22914953,0.493317308,150.915674,137.933275,12.72719015,1.7236526,6.474982003,0.08530606,astronaut_at_mars_dancing-dream.mp4,1
20.32308978,612.2265863,611.5478101,615.2149181,15.83288574,7.560365926,7.535733241,0.83572785,184.0930495,0.833272709,1211.7,2.914636168,82.24339253,93.52562253,0.639004165,336.0564687,131.351175,13.45848397,1.3857743,197.6749926,0.4998052,a_lot_of_teddy_bears-surreal,1
55.94443525,653.9123614,656.085065,653.6170855,39.7998172,14.23935471,7.493645844,0.431054868,247.664472,0.395176512,4551.58,2.16427067,89.15683897,54.57559988,0.54766467,435.0449422,127.9296,10.18284509,1.8936808,13.49881427,0.21801783,a_fluffy_blue_and_purple_monster_dancing_hip_hop,1
28.44624546,477.3358548,493.6776229,260.9103832,71.73562994,1.219821701,5.651141639,1.032008273,,1.047351918,156.12,4.641522621,24.51762281,27.99645852,0.526355781,,133.9314716,16.51491274,2.3991773,21.34881873,0.12689832,ttt-2,1
18.92303596,637.7690731,643.2657543,635.5068675,32.78348389,15.1577705,7.665955592,0.826424859,176.5999859,0.841346601,3598.666667,1.695800101,123.5940239,96.44234461,0.775533659,322.1957754,131.8941167,10.93029714,1.7313237,28.19328971,0.20211293,nightmare_ghosts_spirits_dark-surreal,1
18.42733039,617.8706733,624.5388439,613.2035281,29.7141154,6.876833617,7.061388466,0.332095452,191.0263984,0.288203217,769.5666667,1.851653881,58.60552045,60.12584776,0.650883107,357.4895749,130.39645,11.56770725,1.4246213,17.74910312,0.22791712,happy_birthday_-surreal,1
17.30047445,557.1169197,598.3431866,633.1560928,39.28037038,15.48565414,7.940289526,0.756949787,192.7241499,0.642134754,4146.705882,1.561629993,123.6971505,96.67945144,0.586426973,354.2267222,130.7212353,10.84645463,1.426249,12.40561402,0.21592262,winter_forest_realistic,1
20.25688774,17.45960911,16.65875519,16.66201894,25.73653627,5.557017226,7.70533849,0.867554801,170.9782772,0.611819694,1172.128205,2.841364203,82.01708644,86.99162077,0.499888358,306.10424,131.1358077,12.69142297,1.8760893,32.92549571,0.32137632,green_tea-surreal,1
17.45178089,298.932486,201.7872201,330.6689458,33.41085636,13.79087188,7.923980776,0.773946251,194.3214747,0.666246032,3992.235294,1.594773899,128.1534423,94.50063438,0.743617268,361.0933536,130.2298529,10.32297928,1.755175,85.62076419,0.53761625,romantic_and_love-surreal,1
17.9502912,352.4048986,196.0307145,227.9635162,27.57053869,10.65041586,7.709210572,0.54620986,166.9937385,0.483965392,1881.529412,1.693201344,79.88543804,64.39940521,0.463801272,319.4281885,129.1228235,10.74998006,1.7099153,5.477778905,0.04813161,earth_view_from_mars-,1
18.6630867,623.33398,629.3766597,617.300286,32.66662888,5.881925836,6.819904495,0.276806694,192.8641368,0.242920183,310.7380952,1.74498926,49.76222329,46.60326057,0.487882492,349.7394972,129.2635833,11.60137519,1.6107646,18.36747416,0.18069562,data_scientist-surreal,1
20.06699047,576.1341409,583.7706563,578.7201503,30.9553975,10.25936684,7.842830463,0.727254656,170.3214917,0.612454212,1074.395349,2.358027032,63.40197275,76.44611038,0.599579809,323.1036282,131.4997907,12.28173881,1.3842812,7.915307147,0.17991906,mushroom_forest-surreal,1
18.33208866,329.1190255,593.9611994,532.1754861,24.11925398,11.27775662,7.733595309,0.389982463,175.1357103,0.376008943,1745.333333,1.923272168,83.696276,69.11513727,0.476359398,325.9595337,129.5580952,11.23890349,1.6567048,12.25124535,0.14848357,long_rabbits,1
99,900,900,900,99,0.950300926,6.228165474,0.491535972,,0.432630175,22.16666667,5.214374354,16.23897768,16.67354926,0.509063194,,,,1.9277446,15.72671451,0.21116354,ttt-3,1
19.12390232,202.9277931,347.0895657,137.0372744,34.37598063,8.4109379,7.792887868,0.691109683,181.5700584,0.5547045,1240.633333,2.545831153,81.30616568,101.2593078,0.422938568,337.6501165,128.8977667,12.0208503,2.1053493,88.54573778,0.42005858,Julita_coding-surreal,1
20.57215271,587.6765666,533.4240712,430.9086172,22.7567749,2.946404832,7.282082033,0.313072203,83.0274555,0.294640317,76.225,4.718133444,35.05377382,29.86864439,0.484143768,152.9400523,140.540325,14.10760313,1.9030235,11.25544759,0.10845958,penguin_in_artica-dream,1
40.3883343,655.4012898,656.4099897,653.5870284,40.87187907,12.64919666,7.493145623,0.432414286,246.0824858,0.394637454,2795.3,2.983820309,74.94840707,44.52670931,0.523061994,414.4777457,128.0712583,10.13677773,2.3041117,14.39722105,0.09750898,hot_chocolate,1
30.00511735,620.3779425,666.5983274,597.3326253,61.83414459,0.782309055,5.79857244,0.332361916,57.59111417,0.333935003,73.25,3.705268911,10.05441256,37.44890184,0.812153816,88.86181221,127.2634028,17.85938099,2.4192548,18.44478297,0.18119682,sea hedgehog,1
29.69761941,627.6535854,923.4047208,589.3887645,77.37834167,0.634044488,5.776040807,0.259639426,122.079633,0.282874017,36.125,8.58692652,6.735357402,31.28054235,0.625257969,150.1586544,131.9970028,21.6835699,2.3388722,10.67994146,0.074468575,big blue whale,1
30.0594692,578.6304796,606.6574191,604.6114764,70.45478058,0.739750862,5.685337853,0.373491926,76.86566397,0.272967079,19.625,6.335723243,5.59712365,22.80486034,0.295960903,94.96668532,137.8270866,25.07797547,1.971226,20.26246705,0.11399221,tav_2,1
29.8298241,17.47658607,573.9292128,569.9802894,77.02005768,0.809734662,5.584081003,0.434795038,107.9599883,0.301468097,9.375,21.96753081,6.855659539,25.61204583,0.461568356,216.4075044,139.295544,17.90799718,1.8504556,17.98756405,0.17292796,smash,1
28.67818801,755.2363393,619.6763798,613.4790054,90.91149902,0.484770139,4.702408659,0.240334821,42.27185648,0.250877375,54.5,0.887791478,5.617133044,21.38180443,0.550551891,56.47603018,100.5728492,13.35799451,2.1758347,14.93646649,0.11800445,plane,1
23.77328602,569.1873667,944.3561649,565.8024942,51.12845612,2.028169473,5.999977392,0.405193282,71.61186714,0.256191697,200.625,3.166491076,18.76617147,49.31583393,0.40379858,97.93383986,128.8501356,14.85534833,2.2320917,16.88525785,0.20469841,picknic in park,1
27.64143261,569.0097282,698.0682529,583.8547445,78.26855469,0.922099272,4.386366488,0.375051175,101.3297936,0.329259168,112.625,5.271649143,10.87068422,47.17336635,0.461551666,137.5806132,132.021528,20.57277717,2.3983438,15.67034729,0.11865849,tav_0,1
29.97389597,605.5552221,585.921103,581.7080769,46.46264648,0.672320048,7.39944018,0.36194931,74.21667364,0.355979267,22.5,7.034935172,7.227491113,22.06293858,0.717534065,72.55657681,116.8786765,38.93810624,2.7079875,192.3968454,0.32885885,a zoom in of a fly in sun glasses,1
27.85210929,614.9218731,569.9811823,590.720749,57.0569458,0.792865912,6.20360812,0.367354971,98.47012479,0.338471117,98.25,3.840263444,9.431027687,44.82175212,0.063606739,136.9902959,131.3733289,17.2299865,1.6632538,44.61119922,0.32427981,a dog at the beach,1
29.25759517,589.9216698,567.5062623,591.8369722,60.40137482,0.694484393,6.651240936,0.3241345,73.91347277,0.314542501,118.375,3.994619008,9.777894777,50.49777908,0.385052681,107.7988083,126.9004585,18.88020327,1.5772071,42.08203997,0.4467752,tav_4,1
29.50077153,569.5807366,16.23095551,554.2133246,30.96631622,1.619488875,7.263583569,0.45664626,102.1039727,0.420630532,22.875,15.74708261,16.42301364,22.81347716,0.84573698,120.8901583,144.1274925,17.62331117,2.5361054,47.75998222,0.19540337,marshmellow on fire,1
29.32614115,588.8266938,608.3500199,591.1565659,85.66079712,0.493395964,3.483635903,0.342609086,92.17897389,0.427948277,111.125,4.003977847,7.546334853,45.87757184,0.813308239,140.4812308,116.2558028,15.72204318,2.0543056,46.64013113,0.37219664,rainy_park_bad_example,1
30.33167936,633.207083,580.3323732,594.3554503,64.0149231,0.700135231,6.283059313,0.248221476,8.872083588,0.257421289,20.25,0.518403361,5.664947847,15.65142355,0.24838686,10.65625,37.64423077,2.374162886,1.8095186,17.10401417,0.23792717,tav_5,1
16.61672186,294.100498,384.7774826,126.5668417,10.72725481,7.20852563,7.392505614,0.48870646,96.02056976,0.422813391,841,1.742846078,64.74012527,60.83287718,0.542054422,189.304813,130.0373857,9.892408059,3.5858703,42.12463068,0.1254301,sd_zoom2,1
15.93620112,623.0123313,554.4468157,617.4860589,14.70376848,7.713406772,7.531846818,0.586669504,103.4456101,0.466817043,1258.2,1.764548062,84.85567842,70.58929233,0.474857439,208.7680455,129.3059,9.702552155,3.3729463,60.94787322,0.22644822,sd_zoom1,1
18.81670872,613.8244137,610.1901704,615.1712687,15.55593087,5.121430497,7.496812166,0.609153763,95.0983118,0.627165228,748.4285714,2.568614795,55.86693461,85.21264824,0.50461077,175.2434673,129.4947143,11.53403699,2.9051476,11.92371147,0.07269197,stable_diffusion_zoom0,1
16.82719993,446.187126,589.253644,400.3514996,9.932507324,9.201542555,7.495372934,0.580337227,94.86927697,0.39382152,1733.057143,1.737413797,97.0641752,93.49379093,0.47876358,184.418508,130.1286429,11.17155504,3.1460311,19.05813511,0.08539737,sd_zoom3,1
17.40842485,592.6343723,600.9463954,634.43171,14.51850063,6.518625568,7.543620929,0.527505952,106.269298,0.359002641,641.4285714,1.901069886,60.62023478,54.48506749,0.53794948,212.508685,129.5118857,11.05766968,2.9702396,64.07626343,0.20651668,stable_diffusion_zoom5,1
19.56546707,267.5452675,575.1726937,476.4361455,21.13945487,5.613723428,7.077651532,0.475760837,100.6859697,0.356625296,745.4285714,2.014982552,56.61451459,63.34884626,0.527164786,180.6271627,130.0555857,12.16282754,3.0142386,17.97209121,0.08837973,sd_zoom4,1
17.38900334,570.7068491,617.6251386,615.4550655,16.74050119,7.196682485,7.918864995,0.656560973,100.2990919,0.614837075,1360.628571,2.030106643,91.60012965,87.19094861,0.594523185,198.2678473,130.1944857,11.25041758,1.9154948,93.30553247,0.5417963,sd_zoom_9,1
17.48682025,17.44932354,196.1772372,19.72163951,17.19764404,4.531366221,7.592362627,0.400563044,101.7975345,0.507925618,723.9142857,2.081600326,57.75454837,49.35596261,0.627666691,198.440653,129.4171,10.99974456,3.515012,25.78631045,0.098017275,stable_diffusion_zoom6,1
17.15321123,611.2764033,617.0394956,606.8403431,13.29993199,5.973356156,7.655904225,0.531770492,100.3563367,0.466066048,826.1714286,2.152780695,68.04881707,65.86392383,0.619307055,201.8291508,130.9584571,10.40698722,2.6029127,25.36264533,0.14232324,sd_zoom7,1
21.66268604,184.9260685,525.4537942,229.1278115,36.31623033,5.720784559,7.546189718,0.524581172,36.18753297,0.489024322,38.55882353,6.2298967,35.25801957,42.8463532,0.462834559,67.25848719,135.7778659,13.72600739,2.7192986,36.43785565,0.1675223,non-sence _0,1
30.24770885,58.52082333,251.4072282,204.86141,27.80467168,4.426065719,5.86762618,,55.52465046,0.759866652,31.8,1.558569486,29.36896779,27.678165,0.386336177,80.84437854,132.0643853,10.97633531,2.754524,22.52880133,0.14124334,non-sence _1,1
22.6070608,594.6506117,582.2641466,449.0113816,34.82283086,5.730404701,6.776523261,0.562735995,118.172163,0.487952274,40.73913043,7.541302471,30.71708349,37.75358384,0.531581455,164.439694,141.5321321,15.72547176,1.640468,9.11828448,0.0914296,non-sence _2,1
23.12720379,663.9548916,665.1217887,677.8779159,11.41625298,7.862772917,7.755905979,0.437390416,36.50280215,0.48337272,64.77777778,3.568385702,61.29711541,43.11996793,0.401804861,73.05385702,140.9362229,14.43226988,1.5143871,10.77030755,0.1762283,non-sence _3,1
23.9456172,655.1334195,518.7522097,621.8364107,11.02521691,2.105230202,4.07707056,1.882010915,64.72328309,2.070321143,93,3.294793876,17.30117822,38.78107872,0.72215428,109.237466,138.0342689,14.65030097,3.0693676,15.8239209,0.10353385,non-sence _4,1
17.93583977,693.8891215,681.1555557,693.6822652,32.99909165,14.65017843,7.21566064,1.009565027,38.78595788,1.006911335,598.7647059,1.176177685,132.2560389,109.1617847,0.227936765,78.03496332,129.9576176,9.934713551,2.2276776,11.36725387,0.113174394,non-sence _5,1
23.73529835,32.39331637,97.74324854,505.231633,14.79388428,7.566802814,6.585673209,0.305601701,33.02059724,0.253979631,61.15384615,2.110079999,54.4025179,60.63698268,0.706075562,55.92433816,133.2060174,11.08325541,1.9162065,9.405688132,0.059886053,non-sence _6,1
21.48089685,544.9010553,552.6217566,562.5043617,21.14324951,7.676253801,7.604934011,0.777294353,122.2130179,0.741695568,669,1.886152541,46.43272448,51.30898833,0.749835634,241.3038419,132.3195,12.78535959,1,37.20715152,0.36820674,non-sence _7,1
20.75452041,708.4492146,671.2225568,671.2534236,0.56463623,6.730472872,7.016147137,0.848996808,39.41824183,0.825967243,194,1.679760957,57.62038804,84.36684426,0.486650075,65.57568458,136.8005988,13.011248,1,5.73098648,0.1274635,non-sence _8,1
18.70744609,17.41151802,541.8613384,529.633619,50.30047607,7.885412963,7.611044948,0.460870922,107.2510636,0.391872558,421,2.21049285,31.59809908,47.6674454,0.499016667,185.1693372,136.0925,12.33948718,1,6.627848918,0.15183902,non-sence _9,1
19.94750156,551.209277,154.3320076,510.7967696,24.37420654,8.502608393,7.867104958,0.661209817,363.5187527,0.583970801,8092,1.781434414,68.54643547,86.39794173,0.631061759,702.3191026,131.267,12.23203626,1,54.54719438,0.5109069,non-sence _10,1
20.33428332,549.3544707,571.2593303,494.4081584,32.72381592,8.152960121,7.648949998,0.548561805,127.9996603,0.513035884,307,2.781479217,41.54852502,43.84243228,0.696365467,257.76751,133.9885,12.29354984,1,10.38187681,0.31877556,non-sence _11,1
16.55402182,557.4496643,620.1264856,596.0505607,40.72967529,4.593981237,6.647090259,0.207848396,215.7615284,0.194171413,88,2.500730909,37.79764466,26.21900934,0.472125947,375.9694503,132.065,11.59705889,1,19.46700939,0.305249,A-strange-carnival-with-automobile-animal-hybrids,1
19.93546526,629.756401,585.0120509,599.7278159,38.48406982,11.67171158,7.727133685,0.531613417,133.6494785,0.502221205,487,1.757065194,58.5509435,49.4863728,0.583899898,244.3828648,133.8505,11.28871781,1,3.072637382,0.1135642,bq_11,1
22.37932223,649.9509432,369.6249829,612.9149303,32.00164795,7.629668731,7.559039737,0.419593648,60.35381427,0.417963698,203,2.519200095,55.46360614,85.44799745,0.830320946,108.5315235,133.744,13.5778667,1,924.2079567,0.9926046,bq_5,1
20.1160077,611.2027755,26.95453937,619.9911051,48.65155029,5.955276259,7.102795608,0.726327974,247.0524895,0.694235258,1452,1.841033727,54.73827651,54.40650316,0.679106084,427.2421072,130.989,11.53931883,1,2.215234833,0.027250763,bad_quality_6,1
19.67672268,611.106792,590.568009,592.0281807,21.58123779,7.704927525,7.745613595,0.452739699,156.12755,0.447377683,748,3.004072837,58.97616872,53.45101234,0.55246045,297.5471269,134.8725,11.75807143,1,6.224771921,0.21110567,bq_10,1
19.6522894,20.48712239,54.04406469,57.07853883,36.07537842,8.875685713,7.804761331,0.517638138,105.334404,0.52458337,567,2.323528303,47.62411181,55.65822329,0.373805782,194.1641698,133.1125,11.4072277,1,93.12202448,0.38669273,bad_quality_13,1
17.23617468,623.880203,604.8840371,593.8559584,27.29022217,11.38830386,7.735536429,0.618284986,269.6096716,0.503711081,4258,1.521899106,86.66073258,76.15891282,0.626624891,430.1878508,131.1345,10.23559523,1,53.28762822,0.48837015,bad_quality_9,1
21.87505325,627.9110781,621.3123584,669.3625929,18.83953857,6.865919874,7.258444746,0.674273468,55.32333994,0.595022734,138,2.578844939,51.25991547,82.50127429,0.888745489,98.50981137,132.529,11.60582436,1,43.96002425,0.48712093,bad_quality_1,1
23.80726124,17.81362594,56.34357993,18.91802083,33.36395264,6.395066814,7.641516696,0.598236993,276.5641798,0.535700783,133,6.554542272,36.49505358,28.64096794,0.467028093,395.6136981,139.1345,16.0587487,1,9.285279886,0.3551404,bad_quality_25,1
19.14413271,52.27665478,59.91509372,18.80006577,39.26873779,7.499268976,7.951815293,0.586318843,296.6391621,0.532536312,1075,3.004977085,58.16061473,46.81298814,0.475873628,490.3892376,133.1905,12.17539362,1,19.00152259,0.2931548,deep_dream_5,1
18.98689925,632.6657611,561.1357961,564.0371783,33.17010498,8.173902727,7.554782238,0.679430487,100.3678097,0.607913582,571,1.624459549,53.06780251,43.83418035,0.661997375,188.2987756,133.636,11.27339807,1,42.20972326,0.4521692,bq_24,1
22.24987057,572.1770616,16.35250651,17.19101852,17.13250732,6.321414895,7.831835713,0.763127257,236.3876197,0.694585364,548,4.746645284,49.90501795,36.27278071,0.431643519,457.5465592,134.0925,14.37302834,1,6.35072186,0.09338487,deep_dream_0,1
17.98614489,498.571277,621.4937798,582.5948085,20.02655029,10.75508267,7.650962622,0.428281839,114.8705392,0.389556577,725,1.785615452,68.74794345,58.95190765,0.499948,200.2600063,131.8275,11.55909788,1,64.41107029,0.4788828,bq_27,1
21.03281496,59.77273387,607.8843847,556.8498151,29.81854248,4.447537772,7.115091424,0.307992491,210.5649648,0.308504432,163,1.928248948,15.97516973,23.23844323,0.696527276,340.7188161,134.753,14.07387619,1,565.2688669,0.93769854,bq_26,1
17.11277716,633.7831803,607.975903,632.3971887,38.34735107,17.17842778,7.478267521,0.401591141,170.9247237,0.361976726,3038,1.335535673,83.12904534,60.90348064,0.5285,340.8579121,128.404,10.99135042,1,32.37727411,0.28747383,bq_28,1
22.88392081,610.4450738,523.8706488,599.4689272,31.26629639,6.133510324,7.553415841,0.598274695,148.8594538,0.580469221,209,4.219080268,30.32124069,45.97413385,0.661469722,275.4068402,136.321,14.7936121,1,88.18963363,0.57708365,nonsence_2,1
17.09814072,625.5365104,642.1658368,56.94651537,30.81121826,13.56331667,7.553300211,0.355518065,96.18966232,0.328479785,507,1.390046932,65.3051413,55.559977,0.5698375,160.9447603,132.973,10.13667949,1,3.760042937,0.10950059,dreaming-of-a-dream,1
23.61139566,16.4249868,485.8869845,17.78313143,25.36981201,6.718977195,7.882226202,0.714584819,252.5498124,0.642290228,347,6.49698636,42.06654087,35.13564615,0.40058299,506.987454,136.7405,16.04706078,1,5.461497466,0.08507803,deep_dream_1,1
19.63397985,568.2629482,33.42640764,571.8157842,41.12908936,7.761119496,7.461082198,0.468854058,268.2709635,0.383372519,939,1.934828804,33.45842316,38.75946313,0.284077592,429.6588671,130.2175,11.19438224,1,862.6174558,0.98414755,bad_quality_23,1
18.9329957,16.2185635,615.2576824,58.07033456,34.43914795,10.41736508,7.739405958,0.568586583,186.0381428,0.544853225,1392,1.830380657,71.00893122,54.3793248,0.229895823,378.1002428,132.1555,11.61181811,1,27.26908167,0.44812682,deep_dream,1
23.28055696,584.5058572,598.1836305,650.2691085,22.64324951,5.171410912,6.990174939,0.413408725,120.1916383,0.390696571,90,2.255231317,24.24955093,33.58574949,0.613826232,203.0679383,134.545,13.16988895,1,32.1600866,0.28936177,bad,1
19.28978581,534.62997,635.9536845,608.3657244,30.68865967,9.627934951,7.636077641,0.643575693,209.2561448,0.57736963,2711,1.395561032,63.73532549,59.1309608,0.678145286,363.3594792,129.9365,10.30924186,1,26.47247296,0.3304772,bad_quality_22,1
22.62716352,592.1884403,561.8497511,595.6665599,30.21746826,5.565158863,7.598452315,0.671812658,353.5973158,0.682533471,1254,2.033756534,28.07143498,46.35843975,0.943261054,554.8818037,133.9575,12.56103872,1,24.85856736,0.4633781,bq_16,1
20.34488984,605.0441867,588.4885741,614.5189961,11.51873779,3.999692957,6.693342008,0.430251154,96.22055506,0.418924304,128,2.61418222,27.80410736,41.398105,0.585189983,154.3109432,133.679,12.80624687,1,60.75422991,0.6039406,bq_19,1
19.34477505,593.44582,608.7846103,628.5053709,68.6305542,14.56915943,7.601295223,0.367738144,108.1004409,0.349013935,391,2.035472931,49.54957621,59.2072158,0.60265191,210.9618558,132.3525,11.84196959,1,15.66100026,0.17764635,bq_15,1
21.57289175,603.9173338,587.0809203,608.1475661,39.12957764,9.190911306,7.619510889,0.635304397,113.2162146,0.578166185,351,1.830487718,46.11729263,46.70947069,0.578836757,224.9026442,136.648,13.1067195,1,17.61899067,0.24288057,bq_18,1
16.83700647,61.22020033,594.3872834,588.4881868,47.62420654,8.258391204,7.87043447,0.581984765,241.8717068,0.525781163,6275,1.686492289,84.90359411,80.68466099,0.330724306,427.6184183,130.384,10.749816,1,91.66945866,0.5009226,bad_quality_7,1
17.1214798,574.9069733,548.0652348,50.14258179,42.95428467,6.920002894,7.565575435,0.652717081,297.2357652,0.464361943,548,3.166592944,33.47807891,47.10304258,0.313830295,501.8872384,135.428,14.05908304,1,3.926474635,0.07661692,bq_20,1
19.13568761,605.4499448,610.6917941,608.8617572,27.90661621,8.959080458,6.628338975,1.157019788,112.4468498,1.109297774,1720.8125,1.134385002,59.01459668,67.49382053,0.30561161,227.6283963,130.4826563,10.2695994,2.1801953,21.11637696,0.13230577,bq_21,1
22.49819161,588.6559625,581.4816015,580.7862724,12.52043242,3.177815606,7.594707719,0.876680786,114.4219982,0.806045265,393.1764706,3.619774843,61.0870799,89.48369524,0.644335803,223.7371828,131.4597059,15.15597342,1.0999933,394.6106998,0.85634345,sd_1,0
21.46532995,94.87069831,463.2245447,159.6426139,6.453776855,7.397682648,7.707722198,0.689750403,124.3416,0.622463105,557.68,2.109948528,52.93537437,54.67513028,0.353238678,231.8948265,131.65898,12.81462867,1.4867148,147.1221084,0.38574427,sd_2,0
19.55947978,380.4540873,640.3235977,425.7830724,13.17632118,5.089684609,6.862615175,0.453901331,103.5426242,0.365344543,213.9230769,3.077534228,46.4309792,46.09959962,0.763887259,191.7864551,132.0067115,12.33318579,1.4970889,147.7573995,0.6851267,sd_3,0
25.04120403,539.7220602,23.26346761,163.5278247,4.310356589,1.929663265,7.524723247,0.541711877,108.5991467,0.488224494,90.29411765,2.998351053,20.0908242,29.56333647,0.550123776,174.777244,137.2781076,15.46654438,1.6634742,13.89787079,0.11599072,sd_0,0
18.52399695,591.9625423,541.402053,513.7520541,12.18128662,6.95255394,7.636648488,0.669404397,116.6416351,0.632961873,1086.8,1.957186757,62.20966769,77.21994212,0.923341751,214.9868325,132.5937,12.28275516,1.3513615,64.88559159,0.42982784,sd_5,0
19.11007207,611.9916814,108.9760569,594.0000184,18.55028076,5.327012271,7.736640414,0.408792692,100.4389602,0.507871681,603.7714286,2.022529376,52.52132211,62.25113633,0.542918396,193.104501,133.8893,11.69787405,2.294511,8.643012997,0.04588951,stable_diffusion_street,0
20.38683046,566.4735416,615.4038254,618.9039491,82.62773719,3.440307498,7.215010113,0.376107333,109.3398007,0.353104293,133.4615385,3.559234146,37.31373688,53.53596116,0.528819054,165.5229733,134.7833846,12.43205353,1.4507306,88.14819358,0.6116811,A_teddy_bear_painting_a_portrait,0
20.79948232,357.1942315,422.1825189,604.9628181,33.1391953,2.568827067,7.617567915,0.402850984,95.22220385,0.431815593,276.7575758,3.801141067,48.7263974,58.61730383,0.520327886,163.7092503,131.3064242,12.01149476,1.5037037,5.734692971,0.077768385,A_blue_unicorn_flying_over_a_mystical_land,0
19.99725333,586.9771733,588.7769845,582.2578258,22.3821966,2.249794775,7.054037193,0.37642188,94.5644376,0.35368535,278.7878788,2.587290878,41.59799156,58.04630879,0.534912702,173.7906026,134.2128636,12.8990631,1.1073923,47.75907743,0.34437844,Cat_watching_TV_with_a_remote_in_hand,0
19.3543527,574.7753817,588.378853,583.2197766,30.40660544,1.468725937,6.286075674,0.352638736,86.49502019,0.27734689,139.9411765,3.228228894,30.99758912,43.12264617,0.864683754,140.3343174,133.9845588,11.5147827,1.1480452,6.059868736,0.17473145,A_fluffy_baby_sloth_with_an_orange_knitted_hat_trying_to_figure_out_a_laptop_close_up_highly_detailed_studio_lighting_screen_reflecting_in_its_eye,0
18.75819886,610.2501397,571.1236716,604.0256404,34.53091523,3.049653928,7.415218659,0.398923337,106.4497019,0.408909764,570.6666667,2.170913242,56.23904198,68.8023445,0.646003355,181.63095,132.4807576,12.55852244,1.2525307,6.421544435,0.19514261,space,0
17.99779699,633.8456026,567.3047712,615.1184598,41.00654556,4.194717727,7.213718595,0.383695546,94.41774579,0.372497144,1016.212121,1.833666143,77.29584255,94.33115115,0.307272222,160.2284597,130.6267576,10.56195869,1.1977296,16.36730106,0.1556806,Humans_building_a_highway_on_mars_highly_detailed,0
22.24973365,522.4246734,599.0120937,578.729748,39.13715339,2.687397711,6.236426246,0.279855793,76.36088986,0.25035949,209.6363636,2.661928873,24.95427478,44.41757992,0.842681256,122.5969146,139.3349196,15.16631974,2.1154692,21.77688817,0.23286173,monster_dancing,0
20.68413951,156.1604014,89.34802038,223.2707129,38.36858391,1.451836528,3.79190701,0.273435353,73.90375485,0.218900499,248.4242424,2.257080072,23.59740982,60.94903731,0.694217992,130.4939535,129.5446515,12.24961716,1.3878973,3.607959835,0.067205735,"An_emoji_of_a_baby_panda_wearing_a_red_hat,_blue_gloves,_green_shirt,_and_blue_pants",0
22.98468348,558.3981343,117.2395808,526.6866732,23.33239191,1.235605056,7.461294296,0.437818793,74.93064199,0.504319519,46.33333333,6.948664385,23.64233276,29.19088214,0.548944795,128.3855384,138.3089191,14.75818928,1.7941667,5.093732637,0.03847181,boat_painting,0
21.44090435,592.7392058,628.5869172,596.5678147,39.80898401,2.128647146,7.543578274,0.444057687,98.83490855,0.464222411,226.4545455,3.552818554,45.76079995,63.65980951,0.765651494,166.2777118,135.9357579,14.13472192,1.3296437,7.159922672,0.10402683,There_is_a_table_by_a_window_with_sunlight_streaming_through_illuminating_a_pile_of_books,0
18.37381556,17.87138532,16.25173669,48.34983808,55.9352417,2.615946163,7.13612887,0.359057038,118.6458821,0.331211207,333.32,2.613200792,58.76323433,57.43161777,0.864620123,229.0850712,129.80852,11.42341976,1.2267877,145.9765806,0.7305145,A_panda_playing_on_a_swing_set,0
21.47883729,541.4208461,560.6023098,612.4152215,35.34866795,2.78842511,7.057726138,0.436369374,110.5108818,0.428364863,322.7575758,3.319541067,48.14902569,64.3590128,0.871422491,211.262301,133.5596818,13.17136216,1.4371036,10.1348447,0.08219589,Robot_dancing_in_times_square,0
22.92476925,584.6888308,595.4898915,581.6427347,12.61506237,1.593167745,6.966362347,0.330484825,72.95819027,0.270433341,98.03030303,3.378261639,27.91405278,39.67241037,0.909210253,128.2674178,133.5975407,13.70257241,1.5352442,41.53601271,0.2661841,clown_fish,0
20.18920686,601.744418,27.05349363,232.5854135,36.63824463,3.084405916,7.314879074,0.36792119,88.89440618,0.3818295,150.625,3.231586666,48.65311411,49.24862711,0.83791611,167.5875697,134.3354062,12.57701694,1.0147109,820.3346269,0.9806529,couple_walking_in_rain,0
20.31655401,38.13774476,16.80388704,16.35266143,32.92708888,3.06998145,7.125972028,0.390531678,90.41517348,0.357410935,372.8181818,2.352248369,50.49320174,57.69979477,0.683618178,170.6504554,132.5770455,12.08978829,1.2837858,19.49217123,0.13417825,An_oil_painting_of_a_couple_in_formal_evening_wear_going_home_get_caught_in_a_heavy_downpour_with_umbrellas,0
25.45694664,574.9062574,224.2246999,17.5381431,41.0750233,1.112744569,6.978233443,0.431688738,100.2825809,0.470205948,59.24242424,7.801760944,18.22069236,38.90649805,0.740134963,137.9231174,139.3886767,15.48815757,1.1898994,3.635479868,0.09195648,yoga,0
19.43016872,616.2756221,16.66122519,537.3182593,30.51884137,3.075596304,7.454739109,0.410622425,99.50754877,0.410063137,455.1515152,2.411891325,55.92661113,68.19294739,0.591209029,179.5768291,131.655697,12.43785401,1.6635367,9.400257599,0.10009701,Hyper-realistic_spaceship_landing_on_mars,0
20.11073565,18.83489235,229.3775758,20.72842937,18.7290785,3.180462457,7.845770944,0.563637595,317.3555694,0.581551492,1142.083333,3.307730953,45.13418846,57.20502473,0.233862601,533.396474,137.1021528,15.59211343,1.3983394,41.20176284,0.249375,a_drone_flythrough_a_tropical_jungle_covered_in_snow,0
19.75158939,551.9029828,576.9301063,514.3114847,45.29419623,1.928368608,7.556417729,0.711305792,287.6463928,0.615736057,953.9722222,4.628819189,48.76480983,75.57638592,0.606907225,421.1474921,133.35475,14.32922015,1.080966,9.67528465,0.3159468,a_cat_eating_food_out_of_a_bowl_style_van_gogh,0
23.35504982,552.079059,481.6311998,551.6608185,49.24323866,1.098650972,7.63728387,0.512156295,223.4087139,0.46117571,337.7222222,7.524067648,32.30110054,50.20856537,0.647491794,404.5286495,134.6113889,13.42804256,2.2643516,9.995822295,0.0645546,a_swarm_of_bees_flying_around_their_hive,0
22.45605832,62.64137919,370.880169,51.9313842,50.76993137,1.237398747,7.758913578,0.530362405,287.6910954,0.457209852,392.8333333,5.758551523,33.66060326,46.27360438,0.745039117,461.3121893,133.5935278,13.93516714,1.7122941,42.73014561,0.30611712,a_teddy_bear_skating_in_Times_Square,0
20.5320591,84.5729837,202.3139531,513.9374247,46.24745687,1.757073182,7.859520823,0.530994633,268.3301078,0.52524432,375.8611111,6.052109313,36.9192368,41.10845854,0.293510744,454.221355,138.268875,14.71347937,1.6055257,64.07724531,0.49451554,a_goldendoodle_playing_in_a_park_by_a_lake,0
23.13340108,587.3647723,575.2104008,560.7708154,56.21632894,0.593099689,7.344646472,0.489790199,250.2709821,0.62876005,180.9722222,4.627133986,12.99675423,38.77207994,0.608234191,255.9613439,133.3617917,15.41745117,1.3389478,11.49250151,0.1606405,a_beautiful_sinrise_on_mars_curiosity_rover_dramatic_colors,0
25.63761583,596.1106893,564.1525017,596.7563602,26.08143311,1.430712418,7.370658757,0.528137476,126.6821123,0.346157076,76.46666667,5.36428025,22.10034732,47.62247991,0.769286492,120.8754231,131.8469652,16.99471908,1.5504797,50.17471069,0.2848729,aerial_view_of_snow-covered_mountain,0
25.85087951,574.118211,575.1081124,558.8081825,49.51830377,0.723298577,7.216020015,0.469148243,296.9477811,0.581985029,118.7222222,6.381044083,14.18396478,33.00268024,0.3995431,468.8340411,130.6580278,16.47475606,1.1852907,13.37731878,0.34191307,A_beautiful_sunrise_on_mars_dramatic_colors,0
27.7775533,561.6701321,617.7304628,602.9748728,38.95423041,0.99333066,6.733858115,0.402674982,314.3823893,0.485054755,165.3333333,1.76023112,10.57339367,23.31707262,0.089282756,534.650823,134.3618271,17.45607548,1.2980742,15.07146541,0.22526783,monster_dancing,0
25.9152088,60.1213004,197.5018831,213.9788161,81.27782525,0.708265458,4.599350962,0.487618772,202.8214759,0.380704119,298.7222222,8.928128874,24.11604322,55.49298473,0.117252334,333.9360138,136.7824722,16.18870676,1.7238901,105.2040555,0.45265102,a_bunch_of_colorful_candies_falling_into_a_tray,0
26.12473551,538.6145136,627.8915876,637.4528636,86.51605225,0.413550741,4.231611704,1.870892426,241.9841044,1.673466239,107.8333333,7.062351654,11.77331089,39.65858194,0.874472563,317.3125052,139.3925903,19.78913463,1.2845926,21.4615826,0.38191193,wooden_figure_walking_on_a_treadmil_made_out_of_excercise_mat,0
23.89565282,524.5767157,49.42236477,539.6086073,50.19184706,1.125087086,7.674683766,0.583115691,209.748848,0.556637691,391.5277778,6.187486228,34.54979829,67.20230166,0.758731042,310.0026876,136.0538889,16.82566064,1.0823176,15.23746161,0.21956888,a_giraffe_underneath_a_microwave,0
23.34386265,587.3150497,606.2732257,557.0219084,38.43819851,0.940441033,7.188575207,0.641587631,296.7821232,0.612465192,190.0833333,5.124582127,18.35523115,30.72247268,0.908398978,508.0729442,137.0035,15.33654037,1.4688933,22.63738414,0.3230693,a_campfire_at_night_in_a_snowy_forest_with_starry_sky_in_the_background,0
21.14109519,590.3282018,266.2940252,596.0411978,50.90787082,1.382745155,7.544663344,0.465840023,200.322639,0.47972245,484.9166667,5.516803651,32.90808388,59.04228743,0.940486777,293.2712686,134.4955278,13.94790048,1.0653236,53.43493684,0.5408013,a_bicycle_on_top_of_a_boat,0
24.54096555,555.3263406,571.3912254,563.9882977,48.49342855,0.552011766,7.54668906,0.404157273,227.8044455,0.386852782,219.2777778,5.120005451,12.49465284,41.19197718,0.060513137,284.2999949,132.5829071,17.21158823,1.0476874,307.7255198,0.73297644,a_clear_wine_glass_with_turcuoise-colored_waves_in_it,0
25.42077813,21.82037122,295.7673424,50.90623247,58.72915988,0.391646996,7.543286963,0.357626295,254.9029394,0.404499833,54.5,8.833582695,9.689675474,23.25734625,0.377637454,311.7330849,141.5249094,20.34537859,1.3307855,89.88545555,0.3787324,a_british_shorthair_jumping_over_a_couch,0
24.15397574,579.864203,558.6105306,549.244928,58.87633599,0.928021526,7.410441054,0.467877642,251.9949618,0.429842533,323.1111111,5.036587401,24.31125666,42.22685835,0.427973631,356.6305192,134.2949309,14.99912741,2.6358771,32.47465242,0.13796668,a_glas_bead_falling_into_water_with_a_huge_splash_sunset_in_the_background,0
18.90661702,80.60526807,658.6080509,82.22610077,20.81025798,11.33339766,7.251895209,0.328153307,48.43091831,0.320973402,171.1,1.454242826,63.76906887,47.1671604,0.599597118,92.39560624,132.7969,10.87840499,2.7202086,16.16932468,0.07141244,200-2,0
27.85104021,460.9662328,585.95471,352.0979205,33.19656982,1.901914352,7.547281562,0.789432451,87.40457888,0.71911488,34,17.53778939,19.99255705,32.50310961,0.745228299,146.0417244,159.4279931,21.82622474,1.088374,27.55513688,0.47042757,A_happy_panda_wearing_red_boxing_gloves_and_blue_shorts_boxing_in_the_park,0
17.53632056,634.8149638,174.30203,621.4890951,15.92131871,6.926566582,7.446626307,0.388001026,87.57621468,0.386146899,238.3142857,2.121399691,60.78161976,52.27923364,0.465527587,146.6221883,131.1822,10.97244144,1.2930232,71.023732,0.3465575,giraffe,0
25.27139864,726.5621569,730.9707861,730.2984254,13.72283936,6.737513687,6.69113418,0.427304097,19.96078165,0.426013903,69,3.38579393,73.03134991,102.9739033,0.012945002,36.33863571,131.3657177,11.66327177,1.1330398,12.19472153,0.38456294,Pencil_drawing_A_Panda_listening_to_music_with_headphones_knitting_a_sweater_while_sitting_on_the_couch,0
25.49912019,727.7816797,721.1900664,728.8623027,35.22559149,6.832094135,7.516346734,0.870384581,19.4160897,0.826570964,45.36363636,3.234853435,90.66713348,105.9649116,0.681995739,30.99289469,135.3641501,12.9980902,1.439732,6.430426571,0.11496327,A_happy_panda_wearing_red_boxing_gloves_and_blue_shorts_standing_in_front_of_brandenburg_gate_with_fireworks_in_the_background,0
21.72298261,702.3251329,697.6058686,711.9421133,11.31781006,7.429081157,7.568083784,0.562108998,37.78200357,0.563270772,100.8333333,2.049701287,54.80699404,62.56837827,0.503773321,71.31336199,135.8900091,11.22911593,1.3675151,42.11066999,0.28807923,real_1,0
21.31819849,705.3008155,956.1662874,710.099145,23.01887096,11.15355767,7.601104784,0.542598423,36.69032893,0.501566063,60.36363636,2.641889041,71.52302052,62.17460633,0.629133192,63.02761901,135.2346006,11.65217137,1.625954,84.78477414,0.45742008,real_2,0
21.56735165,40.23557932,28.76918333,26.1450222,27.13950602,4.31112782,7.234108825,0.429276941,30.13540558,0.393363266,22.33333333,2.740902692,39.43634053,46.78470171,0.82764411,42.27972339,128.9097921,13.39384487,1.0420104,13.10122605,0.17734964,water_frop_leaf,0
25.46842476,120.2731636,464.747768,394.8302615,28.10186398,2.320396417,7.265535594,0.374821056,30.87753603,0.325199455,15.87878788,7.558003472,39.58939004,43.07627177,0.371329331,44.76882082,146.029786,15.21092653,1.5430125,36.7903724,0.24795225,eye,0
27.97419219,93.85758422,85.10929603,76.59429094,-2.428934733,2.067945157,6.910153769,0.486512092,31.93709763,0.482815882,23.94444444,1.404848238,22.90744888,44.52893732,0.868023504,48.46582667,133.573094,16.64493506,1.4749125,9.204564981,0.15281826,real_3,0
29.61119844,590.2249664,720.0199965,603.3569403,44.90887451,0.696251447,6.815427834,0.355649115,36.88420032,0.373550192,8.4,10.03673266,7.392557028,17.90892997,0.538651042,50.75441676,137.8671017,14.3084975,1.2825172,12.28242773,0.26219726,a_mermaid_swimming_in_a_crystal_clear_Caribbean_sea,1
19.72992956,236.6426932,247.968438,34.35506773,26.16777846,2.89398963,7.211801422,0.308686284,178.4714522,0.278422954,164.2941176,4.28096894,32.94722601,26.34322052,0.486457121,281.3596878,137.3771618,12.54015397,2.0584333,16.45814002,0.11630682,twins_eating_ice_cream_on_top_of_eiffel_tower-realistic_,1
23.04424166,40.51435457,18.184458,154.6757821,40.16261335,1.939933563,6.196638396,0.187145525,73.14529627,0.163337241,26.4,4.150107553,9.505832239,18.93571793,0.087992245,97.82918765,134.3600347,17.30342925,1.7916338,9.097410545,0.08968767,Melting_pistachio_icecream_dripping_down_the_cone,1
30.17731565,18.05063235,612.8523547,154.6728613,75.80360107,0.487320602,3.292531478,2.766922577,58.66607161,2.726050701,2.8,18.18650214,5.259696903,12.49135257,0.134499132,71.18393679,183.2620513,15.36137207,1.6699512,9.65253959,0.14929442,cog_vid_bad_eg_4,1
20.08366517,493.882592,527.8764613,446.4925682,31.40498454,2.089245804,7.041170871,0.27513263,190.2199076,0.250861838,38.8,9.829547784,27.08636152,21.05233686,0.279523835,337.3494077,139.9386667,14.65705738,2.2394676,9.025494271,0.06170613,The_curious_cat_pausing_to_sniff_the_bright_yellow-,1
29.74527719,603.1190294,597.928966,568.0845489,52.52088623,1.088065394,6.70824845,0.310703789,93.55708907,0.288013085,21.8,14.2957165,12.27808929,28.76520272,0.861036458,114.0621456,148.2981908,21.87829312,1.4980222,28.59791353,0.22624901,bad_eg1,1
28.39178251,598.4751273,642.4573066,576.4163534,42.03455811,0.96827662,6.940581176,0.724989707,52.85950976,0.765619225,19,9.393655845,11.04584168,27.60009537,0.149222222,75.57193103,127.8632766,16.64604385,1.682524,8.240486112,0.118398525,cogvideo_bad_eg_2,1
30.42387439,616.4516005,609.0942434,601.847607,58.86102295,0.618196759,5.388637082,0.148067421,85.2575383,0.146309956,1.8,11.7047296,6.543949987,15.53817727,0.314341146,112.7097902,138.3305197,19.98133248,1.2850733,36.10417699,0.41350514,cogvid_bad_eg_3,1
20.5826204,343.3702536,537.7009077,465.5182361,24.60817464,2.851948724,7.222061554,0.333797155,210.4145319,0.308430689,173.4666667,6.351534161,32.51804293,24.75979153,0.534626049,346.1199591,141.0135833,14.65172834,1.6746168,9.362048467,0.105256766,Campfire_at_night_in_a_snowy_forest_with_starry_sk-,0
20.43333617,43.73654732,65.10926884,44.02934526,28.11240641,2.045203119,6.96485809,0.297912013,168.593538,0.269947367,44,7.005045188,24.791532,20.38298534,0.544960078,309.9185651,140.808625,15.59872291,1.690559,342.2283802,0.7653667,A_musk_ox_grazing_on_beautiful_wildflowers_-,0